Sigma,C,Avg_Cascade_Steps
0.4000,0.0100,1.0000
0.4000,0.0200,1.0333
0.4000,0.0300,1.0000
0.4000,0.0400,1.1333
0.4000,0.0500,1.1333
0.4000,0.0600,1.0667
0.4000,0.0700,1.3000
0.4000,0.0800,1.1333
0.4000,0.0900,1.3000
0.4000,0.1000,1.4000
0.4000,0.1100,1.6333
0.4000,0.1200,1.5333
0.4000,0.1300,1.6000
0.4000,0.1400,1.7000
0.4000,0.1500,1.6333
0.4000,0.1600,1.6333
0.4000,0.1700,1.9333
0.4000,0.1800,1.9000
0.4000,0.1900,2.0333
0.4000,0.2000,2.0667
0.4000,0.2100,2.2333
0.4000,0.2200,2.2667
0.4000,0.2300,2.2667
0.4000,0.2400,2.2333
0.4000,0.2500,2.5000
0.4000,0.2600,2.5667
0.4000,0.2700,2.6667
0.4000,0.2800,2.9333
0.4000,0.2900,3.2000
0.4000,0.3000,3.3000
0.4000,0.3100,3.4667
0.4000,0.3200,3.8333
0.4000,0.3300,4.2333
0.4000,0.3400,5.1000
0.4000,0.3500,5.5000
0.4000,0.3600,7.4667
0.4000,0.3700,10.8333
0.4000,0.3800,29.1000
0.4000,0.3900,17.0000
0.4000,0.4000,10.5667
0.4000,0.4100,8.1000
0.4000,0.4200,6.9667
0.4000,0.4300,6.0333
0.4000,0.4400,5.7000
0.4000,0.4500,5.1000
0.4000,0.4600,4.6000
0.4000,0.4700,4.3333
0.4000,0.4800,4.3667
0.4000,0.4900,3.9000
0.4000,0.5000,3.8667
0.4000,0.5100,3.6000
0.4000,0.5200,3.4000
0.4000,0.5300,3.2333
0.4000,0.5400,3.2000
0.4000,0.5500,3.1000
0.4000,0.5600,3.0667
0.4000,0.5700,2.9667
0.4000,0.5800,2.9667
0.4000,0.5900,2.8000
0.4000,0.6000,2.5333
0.4000,0.6100,2.4000
0.4000,0.6200,2.5000
0.4000,0.6300,2.3000
0.4000,0.6400,2.2333
0.4000,0.6500,2.3333
0.4000,0.6600,2.1333
0.4000,0.6700,2.1333
0.4000,0.6800,2.0667
0.4000,0.6900,2.0333
0.4000,0.7000,2.0667
0.4000,0.7100,2.0000
0.4000,0.7200,2.0667
0.4000,0.7300,2.0000
0.4000,0.7400,2.0000
0.4000,0.7500,1.9667
0.4000,0.7600,1.9667
0.4000,0.7700,1.9667
0.4000,0.7800,1.9667
0.4000,0.7900,1.9333
0.4000,0.8000,1.9000
0.4000,0.8100,1.7333
0.4000,0.8200,1.8333
0.4000,0.8300,1.6333
0.4000,0.8400,1.4000
0.4000,0.8500,1.3000
0.4000,0.8600,1.2000
0.4000,0.8700,1.2000
0.4000,0.8800,1.0333
0.4000,0.8900,1.1000
0.4000,0.9000,1.0000
0.4000,0.9100,1.0333
0.4000,0.9200,1.0333
0.4000,0.9300,1.1000
0.4000,0.9400,1.0000
0.4000,0.9500,1.0000
0.4000,0.9600,1.0000
0.4000,0.9700,0.9333
0.4000,0.9800,0.6667
0.4000,0.9900,0.3667
0.4000,1.0000,0.0000
